Preperation,Food
Baked,Rice
Boiled,Bread
Blanched,Noodles
Braised,Butter
Pressure Cooked,Coconut Oil
Steamed,Olive Oil
Stewed,Peanut Oil
Grilled,Buttermilk
BBQd,Cheese
Fried,Cream
Deep Fried,Milk
Pan Fried,Yogurt
Sauted,Eggs
Stir Fried,Apples
Microwaved,Cherries
Roasted,Pears
Rotisserie,Beans
Smoked,Beef
Brined,Salmon
Fermented,Chicken
Marinated,Duck
Pickeled,Mushrooms
Salted,Honey
Sugared,Sugar
Diced,Cucumber
Grated,Eggplant
Minced,Garlic
Shaved,Onion
Kneaded,Potatoe
Oven-Baked,Squash
Frozen,Tomatoes
Chopped,Snapper
Dressed,Octopus
Poached,Gooseberries
Scrambled,Whisky
Deviled,Cake
Peppered,Cupcake
Candied,Soup
Carmelized,Turkey
Broiled,Pufferfish
,Ranch Dressing
,Ostritch
,Ostritch Egg
,Goat Milk
,Goat Cheese
,Coconut
,Oyster
,Pork Chop
,Bacon
,Prime Rib
,Pork Rib
,Seaweed
,Sushi
,Sashimi
,Popcorn
,Chips
,Taco
,Burrito
,Enchilada
,Toast
,Tofu
,Ketchup
,Mustard
,Relish
,Mayonaise
,French Toast
,Waffle
,Pancake
,Chichen Parm
,Hummus
,Crab
,Krab
,Lobster
,Syrup
,Lasagne
,Pizza
,Spaghetti
,Ravioli
,Croissant
,Biscuit
,Baguette
,Kebab
,Donut
,Ice Cream
,Cannoli
,Watermelon
,Corn
,Carrots
,Hamburger
,Cheeseburger
,1000 Island Dressing
,Chocolate
,Peanut
,Wallnut
,Phad Thai
,Chicken Satey
,Curry
,Peanut Butter
,Pineapple